Name, Players# 2016, Players# 2017, Players# 2018, Players# 2019,Total Prize Poll#2016,Total Prize Poll#2017,Total Prize Poll#2018,Total Prize Poll#2019,Average Player Rate,Player number,Total Prize,Average Player Earning,Average Player Growth,Average Tournaments,Average Prize,Total Tournaments,Tournaments# 2016,Tournaments# 2017,Tournaments# 2018,Tournaments# 2019
Dota2,"13,020,000.00","10,820,000.00","10,170,000.00","11,190,000.00","37,464,419.92","41,874,499.32","48,957,367.38","52,509,635.94",0.032895442,3681,"224,566,530.46",61006.93574,-3.513824885,113.5,"56,141,632.62",454,126,126,102,100
CS:GO,"10,150,000.00","13,020,000.00","10,820,000.00","11,190,000.00","19,828,410.90","21,696,009.61","25,462,562.76","24,297,374.23",0.114521895,12815,"96,526,257.90",7532.287,2.561576355,379.25,"24,131,564.48",1517,347,380,401,389
Overwatch,"20,000,000.00","35,000,000.00","40,000,000.00","40,000,000.00","2,279,674.76","3,580,208.61","6,743,791.65","9,677,036.77",0.0087075,3483,"21,703,183.28",6231.175217,25,89.25,"5,425,795.82",357,34,43,162,118
LOL,"100,000,000.00","78,000,000.00","80,000,000.00","115,000,000.00","10,529,059.95","12,225,701.03","14,558,458.52","8,533,949.53",0.00604087,6947,"75,571,470.80",10878.28859,3.75,125,"18,892,867.70",500,124,135,119,122
