Name,Average Player Rate,Average Player Earning,Average Player Growth,Average Tournaments,Average Prize
Dota2,0.032895442,61006.93574,-3.513824885,113.5,"56,141,632.62"
CS:GO,0.114521895,7532.287,2.561576355,379.25,"24,131,564.48"
Overwatch,0.0087075,6231.175217,25,89.25,"5,425,795.82"
LOL,0.00604087,10878.28859,3.75,125,"18,892,867.70"
